{
    "action": {
        "min": [
            -84.70330047607422,
            -104.96703338623047,
            -66.76923370361328,
            37.758243560791016,
            -63.60439682006836,
            0.4029008746147156
        ],
        "max": [
            33.978023529052734,
            38.85714340209961,
            96.83516693115234,
            103.34066009521484,
            44.43955993652344,
            24.2546329498291
        ],
        "mean": [
            -19.54697036743164,
            -25.52202033996582,
            21.059066772460938,
            72.7136459350586,
            -4.389404296875,
            2.8650829792022705
        ],
        "std": [
            37.433563232421875,
            46.89411163330078,
            50.49125671386719,
            19.78335952758789,
            31.591726303100586,
            6.480109691619873
        ],
        "count": [
            1097
        ],
        "q01": [
            -84.61140953063965,
            -104.96703338623047,
            -66.16438930511475,
            37.94148189544678,
            -63.23769729614258,
            0.47933376992663734
        ],
        "q10": [
            -81.18202323913575,
            -104.68975167274475,
            -54.80407386106603,
            46.203290176391604,
            -58.31672477722168,
            0.4803969200927571
        ],
        "q50": [
            -24.570817329514195,
            -9.23267380072146,
            29.49468125237359,
            71.60532760620117,
            -8.927205766950335,
            0.6423779879195757
        ],
        "q90": [
            33.44706839199724,
            36.055123223198784,
            96.55484873453776,
            102.02594858805338,
            43.48665135327507,
            10.63600950241089
        ],
        "q99": [
            33.88325754165649,
            38.85083200302124,
            96.82783939595126,
            103.33666368484496,
            44.25443866184779,
            24.177150109265302
        ]
    },
    "observation.state": {
        "min": [
            -84.57142639160156,
            -104.87911987304688,
            -62.94505310058594,
            39.25274658203125,
            -63.25274658203125,
            1.0330578088760376
        ],
        "max": [
            33.67033004760742,
            40.70329666137695,
            97.14286041259766,
            100.96703338623047,
            44.35165023803711,
            23.829200744628906
        ],
        "mean": [
            -20.07090950012207,
            -24.0443172454834,
            23.599815368652344,
            72.80903625488281,
            -4.332169532775879,
            5.242690563201904
        ],
        "std": [
            37.07108688354492,
            47.91767120361328,
            49.82127380371094,
            19.300334930419922,
            31.682479858398438,
            6.697835445404053
        ],
        "count": [
            1097
        ],
        "q01": [
            -84.23916027213954,
            -104.87911987304688,
            -62.94505310058594,
            39.25274658203125,
            -63.25274658203125,
            1.0330578088760376
        ],
        "q10": [
            -81.40609626770019,
            -104.52407456970215,
            -50.17877796901746,
            46.73163194241731,
            -58.41700477600098,
            1.0330578088760376
        ],
        "q50": [
            -24.358861910502117,
            -7.740959514271129,
            31.746952056884766,
            71.51133993397589,
            -8.49215907737857,
            1.172413314628129
        ],
        "q90": [
            33.14312267303467,
            38.411825561523436,
            96.34322296718382,
            100.78614281548394,
            43.819248008728025,
            11.223617696762085
        ],
        "q99": [
            33.40830721800355,
            40.700102462387086,
            97.0781811555903,
            100.96551183979163,
            44.17663381449381,
            23.828200595855712
        ]
    },
    "timestamp": {
        "min": [
            0.0
        ],
        "max": [
            36.53333333333333
        ],
        "mean": [
            18.266666666666666
        ],
        "std": [
            10.555883035855725
        ],
        "count": [
            1097
        ],
        "q01": [
            0.3358874665685055
        ],
        "q10": [
            3.6365279999199083
        ],
        "q50": [
            18.263013333333316
        ],
        "q90": [
            32.896805333413425
        ],
        "q99": [
            36.19744586676483
        ]
    },
    "frame_index": {
        "min": [
            0
        ],
        "max": [
            1096
        ],
        "mean": [
            548.0
        ],
        "std": [
            316.6764910756717
        ],
        "count": [
            1097
        ],
        "q01": [
            10.076623999901841
        ],
        "q10": [
            109.09583999991992
        ],
        "q50": [
            548.1096
        ],
        "q90": [
            986.9041600000802
        ],
        "q99": [
            1085.9233760000982
        ]
    },
    "episode_index": {
        "min": [
            0
        ],
        "max": [
            0
        ],
        "mean": [
            0.0
        ],
        "std": [
            0.0
        ],
        "count": [
            1097
        ],
        "q01": [
            3.9999999999994176e-16
        ],
        "q10": [
            3.999999999999417e-15
        ],
        "q50": [
            1.9999999999997088e-14
        ],
        "q90": [
            3.599999999999476e-14
        ],
        "q99": [
            3.9599999999994235e-14
        ]
    },
    "index": {
        "min": [
            0
        ],
        "max": [
            1096
        ],
        "mean": [
            548.0
        ],
        "std": [
            316.6764910756717
        ],
        "count": [
            1097
        ],
        "q01": [
            10.076623999901841
        ],
        "q10": [
            109.09583999991992
        ],
        "q50": [
            548.1096
        ],
        "q90": [
            986.9041600000802
        ],
        "q99": [
            1085.9233760000982
        ]
    },
    "task_index": {
        "min": [
            0
        ],
        "max": [
            0
        ],
        "mean": [
            0.0
        ],
        "std": [
            0.0
        ],
        "count": [
            1097
        ],
        "q01": [
            3.9999999999994176e-16
        ],
        "q10": [
            3.999999999999417e-15
        ],
        "q50": [
            1.9999999999997088e-14
        ],
        "q90": [
            3.599999999999476e-14
        ],
        "q99": [
            3.9599999999994235e-14
        ]
    }
}