{
    "index": {
        "min": [
            0
        ],
        "max": [
            3745
        ],
        "mean": [
            1872.5
        ],
        "std": [
            1081.3770156610506
        ],
        "count": [
            3746
        ],
        "q01": [
            1503.9998832001154
        ],
        "q10": [
            1571.5351227655365
        ],
        "q50": [
            1872.2392390282964
        ],
        "q90": [
            2173.3108889803257
        ],
        "q99": [
            2241.000116799885
        ]
    },
    "frame_index": {
        "min": [
            0
        ],
        "max": [
            813
        ],
        "mean": [
            375.53924185798184
        ],
        "std": [
            218.69983520989385
        ],
        "count": [
            3746
        ],
        "q01": [
            7.039125058097281
        ],
        "q10": [
            74.57436462351836
        ],
        "q50": [
            375.2242277095568
        ],
        "q90": [
            676.3501308383076
        ],
        "q99": [
            744.0393586578664
        ]
    },
    "action": {
        "min": [
            -81.18681335449219,
            -105.4945068359375,
            -63.340660095214844,
            10.417582511901855,
            -82.5054931640625,
            0.08058017492294312
        ],
        "max": [
            34.94505310058594,
            26.989011764526367,
            97.27472686767578,
            103.34066009521484,
            61.31867980957031,
            24.33521270751953
        ],
        "mean": [
            -17.07598358491367,
            -29.586115899215837,
            23.931305967800387,
            69.26908489172304,
            -4.020339336805145,
            2.997832772761058
        ],
        "std": [
            35.782009161082144,
            45.873982784206476,
            43.40500897853052,
            20.55198087332322,
            37.286165169512216,
            5.633040844773821
        ],
        "count": [
            3746
        ],
        "q01": [
            -77.85512361243052,
            -104.93224998022028,
            -33.158322259044496,
            32.41743923950755,
            -76.14332321979626,
            0.5447063512638503
        ],
        "q10": [
            -71.60879441869069,
            -101.70190527814628,
            -24.829216582434526,
            40.01172505845044,
            -68.86822164341551,
            0.593580421699303
        ],
        "q50": [
            -26.832785807328392,
            -5.3925753642834255,
            15.362494380124346,
            72.33781488734247,
            -6.926356084477215,
            0.6927171842930355
        ],
        "q90": [
            30.009667459709835,
            18.40632068649163,
            96.7364536791153,
            96.74773260626765,
            47.85614247789588,
            13.329661731808729
        ],
        "q99": [
            32.077582281316616,
            22.842285357385045,
            97.04428888266511,
            102.5425663010399,
            51.92993008472361,
            19.41441230797892
        ]
    },
    "task_index": {
        "min": [
            0
        ],
        "max": [
            0
        ],
        "mean": [
            0.0
        ],
        "std": [
            0.0
        ],
        "count": [
            3746
        ],
        "q01": [
            3.999999999999418e-16
        ],
        "q10": [
            3.999999999999417e-15
        ],
        "q50": [
            1.9999999999997088e-14
        ],
        "q90": [
            3.5999999999994766e-14
        ],
        "q99": [
            3.9599999999994235e-14
        ]
    },
    "episode_index": {
        "min": [
            0
        ],
        "max": [
            4
        ],
        "mean": [
            1.9778430325680727
        ],
        "std": [
            1.424291674135622
        ],
        "count": [
            3746
        ],
        "q01": [
            1.9778430325680731
        ],
        "q10": [
            1.9778430325680767
        ],
        "q50": [
            1.9778430325680925
        ],
        "q90": [
            1.9778430325681085
        ],
        "q99": [
            1.9778430325681122
        ]
    },
    "timestamp": {
        "min": [
            0.0
        ],
        "max": [
            27.1
        ],
        "mean": [
            12.517974728599398
        ],
        "std": [
            7.289994506996458
        ],
        "count": [
            3746
        ],
        "q01": [
            0.23463750184171794
        ],
        "q10": [
            2.485812154039805
        ],
        "q50": [
            12.509282696209219
        ],
        "q90": [
            22.54500436135435
        ],
        "q99": [
            24.80131195535707
        ]
    },
    "observation.state": {
        "min": [
            -80.70330047607422,
            -105.23076629638672,
            -60.57143020629883,
            12.879120826721191,
            -82.06593322753906,
            1.0330578088760376
        ],
        "max": [
            34.5494499206543,
            29.186813354492188,
            96.79120635986328,
            101.31867980957031,
            60.96703338623047,
            23.966941833496094
        ],
        "mean": [
            -17.139175363867537,
            -28.081993588774967,
            26.281542912435864,
            69.4682076632881,
            -4.010119265372016,
            5.07629953331955
        ],
        "std": [
            35.696610649295636,
            46.92905527192652,
            42.31624742219352,
            19.927852388558186,
            37.326815254235186,
            5.803981968947425
        ],
        "count": [
            3746
        ],
        "q01": [
            -77.32948027843146,
            -105.12178267658679,
            -29.20771186206001,
            34.08695174615904,
            -75.9296189474665,
            1.0330578088760376
        ],
        "q10": [
            -71.47625284454622,
            -101.64558759218582,
            -21.983087265093694,
            40.792719618567006,
            -69.06271984802959,
            1.0330578088760376
        ],
        "q50": [
            -26.873327009739548,
            -2.579602177737556,
            16.687733423865335,
            72.22723190000553,
            -6.887629865763381,
            1.0884795406091945
        ],
        "q90": [
            29.60486336126757,
            21.47016505249978,
            96.26860857056731,
            95.98551995797465,
            47.95229727843147,
            14.163679692361018
        ],
        "q99": [
            31.557508970156032,
            24.74638371216158,
            96.50572347243552,
            100.66595883023872,
            51.71864112283798,
            19.144681668112323
        ]
    }
}