{
    "action": {
        "min": [
            -84.87911987304688,
            -104.96703338623047,
            8.04395580291748,
            23.956043243408203,
            -57.010990142822266,
            0.4834810495376587
        ],
        "max": [
            25.27472496032715,
            -21.538461685180664,
            96.83516693115234,
            86.02198028564453,
            8.219779968261719,
            17.485898971557617
        ],
        "mean": [
            -13.11868667602539,
            -56.22779846191406,
            54.56505584716797,
            62.696102142333984,
            -18.81922721862793,
            2.5341036319732666
        ],
        "std": [
            37.9294548034668,
            36.442867279052734,
            28.407917022705078,
            15.68415355682373,
            19.153785705566406,
            4.8966898918151855
        ],
        "count": [
            714
        ],
        "q01": [
            -84.87911987304688,
            -104.96703338623047,
            8.116231412887574,
            23.956043243408203,
            -57.010990142822266,
            0.4834810495376587
        ],
        "q10": [
            -84.09224555783156,
            -104.96703338623047,
            17.445170211791993,
            41.62580312093099,
            -55.95842514038086,
            0.4834810495376587
        ],
        "q50": [
            4.527250289916992,
            -37.08954620361328,
            46.2064208984375,
            65.01886749267578,
            -9.005054473876953,
            0.6448567382932648
        ],
        "q90": [
            22.473305033021052,
            -21.551846039161255,
            96.75632232666015,
            82.24340209960937,
            -4.180326843261719,
            12.248814964294434
        ],
        "q99": [
            25.270473421457652,
            -21.53980012057872,
            96.82459899902344,
            85.75155654907226,
            6.379819107055664,
            17.485259978645725
        ]
    },
    "observation.state": {
        "min": [
            -84.74725341796875,
            -105.05494689941406,
            12.835165023803711,
            24.395605087280273,
            -56.39560317993164,
            0.6887052059173584
        ],
        "max": [
            25.05494499206543,
            -21.186813354492188,
            97.4065933227539,
            85.75823974609375,
            7.07692289352417,
            17.148759841918945
        ],
        "mean": [
            -13.712358474731445,
            -55.76528549194336,
            56.38595962524414,
            62.806983947753906,
            -18.742509841918945,
            4.435171604156494
        ],
        "std": [
            37.61027526855469,
            36.684444427490234,
            27.322978973388672,
            15.416277885437012,
            19.229177474975586,
            5.461384296417236
        ],
        "count": [
            714
        ],
        "q01": [
            -84.39527079331248,
            -105.05494689941406,
            12.835165023803711,
            24.395605087280273,
            -56.39560317993164,
            0.6887052059173584
        ],
        "q10": [
            -84.37669878507916,
            -104.79500704678622,
            20.656330490112303,
            43.11611633300781,
            -56.39560317993164,
            0.6887052059173584
        ],
        "q50": [
            4.395658493041992,
            -36.031471252441406,
            48.695867265973774,
            64.40404510498047,
            -8.829292297363281,
            1.0324044203517413
        ],
        "q90": [
            21.971820025973848,
            -21.192308219419708,
            96.78222658597505,
            82.3292953491211,
            -4.530934143066406,
            11.915877685546874
        ],
        "q99": [
            24.78736291324391,
            -21.18736284098494,
            96.87904182434082,
            85.75337038675944,
            6.555731343721089,
            17.148213202897892
        ]
    },
    "timestamp": {
        "min": [
            0.0
        ],
        "max": [
            23.766666666666666
        ],
        "mean": [
            11.883333333333335
        ],
        "std": [
            6.87046146490472
        ],
        "count": [
            714
        ],
        "q01": [
            0.23357879990196556
        ],
        "q10": [
            2.364307999919896
        ],
        "q50": [
            11.869073333333212
        ],
        "q90": [
            21.402358666746768
        ],
        "q99": [
            23.5330878667647
        ]
    },
    "frame_index": {
        "min": [
            0
        ],
        "max": [
            713
        ],
        "mean": [
            356.5
        ],
        "std": [
            206.11384394714165
        ],
        "count": [
            714
        ],
        "q01": [
            7.007363999901967
        ],
        "q10": [
            70.9292399999199
        ],
        "q50": [
            356.07219999999995
        ],
        "q90": [
            642.0707600000802
        ],
        "q99": [
            705.9926360000982
        ]
    },
    "episode_index": {
        "min": [
            0
        ],
        "max": [
            0
        ],
        "mean": [
            0.0
        ],
        "std": [
            0.0
        ],
        "count": [
            714
        ],
        "q01": [
            3.9999999999994176e-16
        ],
        "q10": [
            3.999999999999417e-15
        ],
        "q50": [
            1.9999999999997088e-14
        ],
        "q90": [
            3.599999999999476e-14
        ],
        "q99": [
            3.9599999999994235e-14
        ]
    },
    "index": {
        "min": [
            0
        ],
        "max": [
            713
        ],
        "mean": [
            356.5
        ],
        "std": [
            206.11384394714165
        ],
        "count": [
            714
        ],
        "q01": [
            7.007363999901967
        ],
        "q10": [
            70.9292399999199
        ],
        "q50": [
            356.07219999999995
        ],
        "q90": [
            642.0707600000802
        ],
        "q99": [
            705.9926360000982
        ]
    },
    "task_index": {
        "min": [
            0
        ],
        "max": [
            0
        ],
        "mean": [
            0.0
        ],
        "std": [
            0.0
        ],
        "count": [
            714
        ],
        "q01": [
            3.9999999999994176e-16
        ],
        "q10": [
            3.999999999999417e-15
        ],
        "q50": [
            1.9999999999997088e-14
        ],
        "q90": [
            3.599999999999476e-14
        ],
        "q99": [
            3.9599999999994235e-14
        ]
    }
}