{
    "action": {
        "min": [
            -83.38461303710938,
            -105.75823974609375,
            -59.912086486816406,
            11.20879077911377,
            -73.80220031738281,
            0.4029008746147156
        ],
        "max": [
            35.20878982543945,
            43.9560432434082,
            97.27472686767578,
            103.42857360839844,
            46.46154022216797,
            17.163578033447266
        ],
        "mean": [
            -20.06324577331543,
            -33.503971099853516,
            32.27402877807617,
            60.92424774169922,
            -5.7567949295043945,
            2.0573196411132812
        ],
        "std": [
            36.533180236816406,
            49.18223190307617,
            53.142337799072266,
            22.12666130065918,
            33.65647888183594,
            3.990443468093872
        ],
        "count": [
            1097
        ],
        "q01": [
            -83.31136173502604,
            -104.88857078552246,
            -59.912086486816406,
            12.079290370941163,
            -73.72573338595303,
            0.5638614536407202
        ],
        "q10": [
            -81.80257949829101,
            -104.8697395324707,
            -59.637323989868165,
            28.448354721069336,
            -70.63445205688477,
            0.5645809175268464
        ],
        "q50": [
            -24.918809175491333,
            -18.738177212801848,
            36.42771530151367,
            60.008727073669434,
            -8.319193458557129,
            0.6461653250455857
        ],
        "q90": [
            33.53300283522833,
            39.10979156494141,
            96.83535944620768,
            94.64071760177612,
            34.69568710327148,
            10.878729343414307
        ],
        "q99": [
            35.135709298451744,
            43.68668225969587,
            97.26809569138747,
            103.41977477363918,
            46.452443500387254,
            17.161125785827636
        ]
    },
    "observation.state": {
        "min": [
            -83.16483306884766,
            -105.05494689941406,
            -55.20878982543945,
            13.142857551574707,
            -73.62637329101562,
            1.0330578088760376
        ],
        "max": [
            34.989009857177734,
            46.241756439208984,
            96.87911987304688,
            100.96703338623047,
            45.93406677246094,
            17.21763038635254
        ],
        "mean": [
            -20.133621215820312,
            -32.0472412109375,
            34.94523620605469,
            61.220558166503906,
            -5.685230255126953,
            4.16715145111084
        ],
        "std": [
            36.442230224609375,
            50.18653869628906,
            51.95388412475586,
            21.668235778808594,
            33.6878547668457,
            4.671825885772705
        ],
        "count": [
            1097
        ],
        "q01": [
            -82.83327617134016,
            -105.05494689941406,
            -55.20878982543945,
            13.142857551574707,
            -73.62637329101562,
            1.0330578088760376
        ],
        "q10": [
            -82.10853652954101,
            -104.8768141495554,
            -55.20878982543945,
            29.405259704589845,
            -70.71627197265624,
            1.1020680159698297
        ],
        "q50": [
            -25.58255958557129,
            -18.192555963993073,
            38.662042890276226,
            60.26052665710449,
            -8.473015053758344,
            1.1708642075646598
        ],
        "q90": [
            33.576738526100335,
            43.33720448811849,
            96.36186232679472,
            95.42392608642578,
            35.05296329807591,
            10.81274814605713
        ],
        "q99": [
            34.72417797724406,
            46.2371468506919,
            96.87545387184227,
            100.95989765873662,
            45.92929618835449,
            17.01056463241577
        ]
    },
    "timestamp": {
        "min": [
            0.0
        ],
        "max": [
            36.53333333333333
        ],
        "mean": [
            18.266666666666666
        ],
        "std": [
            10.555883035855725
        ],
        "count": [
            1097
        ],
        "q01": [
            0.3358874665685055
        ],
        "q10": [
            3.6365279999199083
        ],
        "q50": [
            18.263013333333316
        ],
        "q90": [
            32.896805333413425
        ],
        "q99": [
            36.19744586676483
        ]
    },
    "frame_index": {
        "min": [
            0
        ],
        "max": [
            1096
        ],
        "mean": [
            548.0
        ],
        "std": [
            316.6764910756717
        ],
        "count": [
            1097
        ],
        "q01": [
            10.076623999901841
        ],
        "q10": [
            109.09583999991992
        ],
        "q50": [
            548.1096
        ],
        "q90": [
            986.9041600000802
        ],
        "q99": [
            1085.9233760000982
        ]
    },
    "episode_index": {
        "min": [
            0
        ],
        "max": [
            0
        ],
        "mean": [
            0.0
        ],
        "std": [
            0.0
        ],
        "count": [
            1097
        ],
        "q01": [
            3.9999999999994176e-16
        ],
        "q10": [
            3.999999999999417e-15
        ],
        "q50": [
            1.9999999999997088e-14
        ],
        "q90": [
            3.599999999999476e-14
        ],
        "q99": [
            3.9599999999994235e-14
        ]
    },
    "index": {
        "min": [
            0
        ],
        "max": [
            1096
        ],
        "mean": [
            548.0
        ],
        "std": [
            316.6764910756717
        ],
        "count": [
            1097
        ],
        "q01": [
            10.076623999901841
        ],
        "q10": [
            109.09583999991992
        ],
        "q50": [
            548.1096
        ],
        "q90": [
            986.9041600000802
        ],
        "q99": [
            1085.9233760000982
        ]
    },
    "task_index": {
        "min": [
            0
        ],
        "max": [
            0
        ],
        "mean": [
            0.0
        ],
        "std": [
            0.0
        ],
        "count": [
            1097
        ],
        "q01": [
            3.9999999999994176e-16
        ],
        "q10": [
            3.999999999999417e-15
        ],
        "q50": [
            1.9999999999997088e-14
        ],
        "q90": [
            3.599999999999476e-14
        ],
        "q99": [
            3.9599999999994235e-14
        ]
    }
}